id,date,product,region,quantity,price,customer_id
1,2026-05-18 10:01:36.362806,Product_C,South,47.0,180.31,8094.0
2,2026-05-17 10:01:36.362806,Product_D,East,12.0,335.81,7318.0
3,2026-05-16 10:01:36.362806,Product_A,North,62.0,399.77,4796.0
4,2026-05-15 10:01:36.362806,Product_C,North,80.0,464.32,1234.0
5,2026-05-14 10:01:36.362806,Product_C,North,88.0,124.97,4607.0
6,2026-05-13 10:01:36.362806,Product_D,North,83.0,205.66,9043.0
7,2026-05-12 10:01:36.362806,Product_A,West,8.0,84.68,1522.0
8,2026-05-11 10:01:36.362806,Product_A,North,95.0,496.32,6904.0
9,2026-05-10 10:01:36.362806,Product_C,West,21.0,464.23,5888.0
10,2026-05-09 10:01:36.362806,Product_B,West,81.0,274.58,6832.0
11,2026-05-08 10:01:36.362806,Product_C,North,,422.6,8122.0
12,2026-05-07 10:01:36.362806,Product_C,North,,265.27,6842.0
13,2026-05-06 10:01:36.362806,Product_C,South,,315.56,2316.0
14,2026-05-05 10:01:36.362806,Product_C,East,,53.67,2124.0
15,2026-05-04 10:01:36.362806,Product_D,North,,380.08,6621.0
16,2026-05-03 10:01:36.362806,Product_A,South,,72.58,6423.0
17,2026-05-02 10:01:36.362806,Product_D,South,,414.77,3587.0
18,2026-05-01 10:01:36.362806,Product_D,East,,393.19,6672.0
19,2026-04-30 10:01:36.362806,Product_D,West,,357.28,2378.0
20,2026-04-29 10:01:36.362806,Product_C,North,,27.72,4374.0
21,2026-04-28 10:01:36.362806,Product_B,East,,158.53,2519.0
22,2026-04-27 10:01:36.362806,Product_A,North,26.0,138.93,6777.0
23,2026-04-26 10:01:36.362806,Product_B,South,47.0,186.47,8935.0
24,2026-04-25 10:01:36.362806,Product_D,South,32.0,52.94,7093.0
25,2026-04-24 10:01:36.362806,Product_D,West,10.0,469.11,9418.0
26,2026-04-23 10:01:36.362806,Product_B,South,16.0,281.36,6355.0
27,2026-04-22 10:01:36.362806,Product_B,South,71.0,159.71,5968.0
28,2026-04-21 10:01:36.362806,Product_B,East,17.0,204.52,6574.0
29,2026-04-20 10:01:36.362806,Product_D,North,23.0,229.13,5072.0
30,2026-04-19 10:01:36.362806,Product_D,North,26.0,304.29,3257.0
31,2026-04-18 10:01:36.362806,Product_A,East,85.0,262.68,9588.0
32,2026-04-17 10:01:36.362806,Product_A,West,86.0,460.5,5424.0
33,2026-04-16 10:01:36.362806,Product_D,North,7.0,253.51,4237.0
34,2026-04-15 10:01:36.362806,Product_B,South,14.0,496.16,4893.0
35,2026-04-14 10:01:36.362806,Product_B,North,79.0,427.2,3005.0
36,2026-04-13 10:01:36.362806,Product_A,South,7.0,112.17,3016.0
37,2026-04-12 10:01:36.362806,Product_D,West,9.0,465.99,2772.0
38,2026-04-11 10:01:36.362806,Product_A,East,48.0,67.02,9353.0
39,2026-04-10 10:01:36.362806,Product_A,North,72.0,410.55,4976.0
40,2026-04-09 10:01:36.362806,Product_C,East,59.0,196.51,2751.0
41,2026-04-08 10:01:36.362806,Product_C,North,87.0,440.21,9967.0
42,2026-04-07 10:01:36.362806,Product_C,South,93.0,435.35,8430.0
43,2026-04-06 10:01:36.362806,Product_B,East,82.0,404.9,8170.0
44,2026-04-05 10:01:36.362806,Product_D,North,95.0,397.11,7469.0
45,2026-04-04 10:01:36.362806,Product_D,South,94.0,159.29,4220.0
46,2026-04-03 10:01:36.362806,Product_D,East,39.0,49.65,1539.0
47,2026-04-02 10:01:36.362806,Product_D,East,99.0,207.46,2461.0
48,2026-04-01 10:01:36.362806,Product_C,North,18.0,95.03,6184.0
49,2026-03-31 10:01:36.362806,Product_B,North,59.0,350.53,9547.0
50,2026-03-30 10:01:36.362806,Product_B,North,17.0,179.59,1234.0
51,2026-03-29 10:01:36.362806,Product_C,South,14.0,,2548.0
52,2026-03-28 10:01:36.362806,Product_B,North,31.0,,8480.0
53,2026-03-27 10:01:36.362806,Product_C,East,24.0,,5213.0
54,2026-03-26 10:01:36.362806,Product_D,East,99.0,,2673.0
55,2026-03-25 10:01:36.362806,Product_C,North,60.0,,7708.0
56,2026-03-24 10:01:36.362806,Product_D,North,45.0,,8982.0
57,2026-03-23 10:01:36.362806,Product_D,West,98.0,248.66,3100.0
58,2026-03-22 10:01:36.362806,Product_A,East,3.0,307.06,4748.0
59,2026-03-21 10:01:36.362806,Product_C,South,37.0,384.76,4173.0
60,2026-03-20 10:01:36.362806,Product_A,West,43.0,95.67,2815.0
61,2026-03-19 10:01:36.362806,Product_C,North,40.0,256.26,4841.0
62,2026-03-18 10:01:36.362806,Product_C,North,90.0,205.34,9016.0
63,2026-03-17 10:01:36.362806,Product_A,East,55.0,81.72,8011.0
64,2026-03-16 10:01:36.362806,Product_A,North,87.0,190.09,5493.0
65,2026-03-15 10:01:36.362806,Product_C,South,39.0,43.4,1674.0
66,2026-03-14 10:01:36.362806,Product_B,East,15.0,22.65,9088.0
67,2026-03-13 10:01:36.362806,Product_D,North,4.0,76.23,9578.0
68,2026-03-12 10:01:36.362806,Product_A,East,93.0,481.93,3158.0
69,2026-03-11 10:01:36.362806,Product_D,North,86.0,279.27,3661.0
70,2026-03-10 10:01:36.362806,Product_B,North,25.0,483.25,3064.0
71,2026-03-09 10:01:36.362806,Product_B,North,13.0,221.92,4253.0
72,2026-03-08 10:01:36.362806,Product_B,South,82.0,162.79,5979.0
73,2026-03-07 10:01:36.362806,Product_A,South,33.0,258.01,8703.0
74,2026-03-06 10:01:36.362806,Product_B,East,16.0,225.36,9931.0
75,2026-03-05 10:01:36.362806,Product_A,North,42.0,61.78,2401.0
76,2026-03-04 10:01:36.362806,Product_B,North,66.0,324.0,4259.0
77,2026-03-03 10:01:36.362806,Product_D,South,55.0,115.86,4923.0
78,2026-03-02 10:01:36.362806,Product_D,North,99.0,313.6,5214.0
79,2026-03-01 10:01:36.362806,Product_C,South,42.0,328.6,4227.0
80,2026-02-28 10:01:36.362806,Product_D,North,34.0,84.49,3745.0
81,2026-02-27 10:01:36.362806,Product_C,East,30.0,40.06,7091.0
82,2026-02-26 10:01:36.362806,Product_D,North,13.0,392.57,4866.0
83,2026-02-25 10:01:36.362806,Product_A,North,13.0,235.3,6818.0
84,2026-02-24 10:01:36.362806,Product_D,West,18.0,38.5,3222.0
85,2026-02-23 10:01:36.362806,Product_C,South,32.0,497.48,3792.0
86,2026-02-22 10:01:36.362806,Product_C,North,96.0,38.31,5063.0
87,2026-02-21 10:01:36.362806,Product_B,North,99.0,350.57,2524.0
88,2026-02-20 10:01:36.362806,Product_A,West,39.0,492.0,9224.0
89,2026-02-19 10:01:36.362806,Product_D,West,46.0,127.2,7198.0
90,2026-02-18 10:01:36.362806,Product_B,South,29.0,79.7,5025.0
91,2026-02-17 10:01:36.362806,Product_D,West,62.0,69.48,3566.0
92,2026-02-16 10:01:36.362806,Product_D,East,93.0,158.6,3803.0
93,2026-02-15 10:01:36.362806,Product_B,West,62.0,59.51,4709.0
94,2026-02-14 10:01:36.362806,Product_B,East,57.0,349.16,7155.0
95,2026-02-13 10:01:36.362806,Product_B,South,16.0,40.52,1719.0
96,2026-02-12 10:01:36.362806,Product_B,South,56.0,259.62,7516.0
97,2026-02-11 10:01:36.362806,Product_B,South,10.0,498.38,5579.0
98,2026-02-10 10:01:36.362806,Product_D,South,30.0,408.85,1972.0
99,2026-02-09 10:01:36.362806,Product_B,South,25.0,311.46,4718.0
100,2026-02-08 10:01:36.362806,Product_A,East,84.0,160.06,8395.0
101,,Product_C,East,5.0,315.71,5402.0
102,,Product_B,South,65.0,268.25,5552.0
103,,Product_B,West,94.0,218.78,3207.0
104,,Product_D,North,49.0,74.05,5426.0
105,,Product_B,South,3.0,444.44,7919.0
106,,Product_B,West,45.0,230.39,9835.0
107,2026-02-01 10:01:36.362806,Product_B,North,14.0,105.37,9386.0
108,2026-01-31 10:01:36.362806,Product_D,South,30.0,190.2,9680.0
109,2026-01-30 10:01:36.362806,Product_B,South,68.0,212.92,3204.0
110,2026-01-29 10:01:36.362806,Product_C,East,18.0,415.49,6345.0
111,2026-01-28 10:01:36.362806,Product_D,North,62.0,369.47,4276.0
112,2026-01-27 10:01:36.362806,Product_C,North,37.0,386.96,2102.0
113,2026-01-26 10:01:36.362806,Product_D,West,25.0,15.41,6243.0
114,2026-01-25 10:01:36.362806,Product_B,East,48.0,213.92,7614.0
115,2026-01-24 10:01:36.362806,Product_C,East,65.0,245.86,9707.0
116,2026-01-23 10:01:36.362806,Product_D,East,53.0,19.4,6223.0
117,2026-01-22 10:01:36.362806,Product_A,East,79.0,137.31,9584.0
118,2026-01-21 10:01:36.362806,Product_B,North,73.0,382.54,1630.0
119,2026-01-20 10:01:36.362806,Product_D,North,15.0,77.18,7683.0
120,2026-01-19 10:01:36.362806,Product_A,South,49.0,272.3,1277.0
121,2026-01-18 10:01:36.362806,Product_D,South,88.0,115.45,1232.0
122,2026-01-17 10:01:36.362806,Product_A,East,68.0,15.94,6690.0
123,2026-01-16 10:01:36.362806,Product_B,East,12.0,128.19,8659.0
124,2026-01-15 10:01:36.362806,Product_C,East,59.0,488.18,1025.0
125,2026-01-14 10:01:36.362806,Product_A,South,37.0,402.75,8468.0
126,2026-01-13 10:01:36.362806,Product_D,West,61.0,480.19,7410.0
127,2026-01-12 10:01:36.362806,Product_B,West,43.0,249.05,9652.0
128,2026-01-11 10:01:36.362806,Product_A,South,70.0,63.77,4764.0
129,2026-01-10 10:01:36.362806,Product_D,South,39.0,278.5,7599.0
130,2026-01-09 10:01:36.362806,Product_D,South,56.0,232.64,6102.0
131,2026-01-08 10:01:36.362806,Product_D,South,63.0,423.73,8006.0
132,2026-01-07 10:01:36.362806,Product_A,South,46.0,58.06,4483.0
133,2026-01-06 10:01:36.362806,Product_A,South,88.0,249.24,2994.0
134,2026-01-05 10:01:36.362806,Product_A,East,11.0,83.52,9682.0
135,2026-01-04 10:01:36.362806,Product_C,East,62.0,169.09,2072.0
136,2026-01-03 10:01:36.362806,Product_A,East,77.0,371.3,7707.0
137,2026-01-02 10:01:36.362806,Product_A,East,98.0,243.25,1215.0
138,2026-01-01 10:01:36.362806,Product_A,South,25.0,194.19,8605.0
139,2025-12-31 10:01:36.362806,Product_C,West,71.0,203.29,3606.0
140,2025-12-30 10:01:36.362806,Product_A,North,52.0,235.13,9350.0
141,2025-12-29 10:01:36.362806,Product_D,South,4.0,394.66,5781.0
142,2025-12-28 10:01:36.362806,Product_A,North,59.0,447.12,4313.0
143,2025-12-27 10:01:36.362806,Product_D,West,72.0,478.11,8763.0
144,2025-12-26 10:01:36.362806,Product_D,East,20.0,395.58,6939.0
145,2025-12-25 10:01:36.362806,Product_D,West,93.0,164.55,3295.0
146,2025-12-24 10:01:36.362806,Product_C,South,63.0,347.19,6685.0
147,2025-12-23 10:01:36.362806,Product_C,East,54.0,224.43,2696.0
148,2025-12-22 10:01:36.362806,Product_C,South,74.0,134.79,2946.0
149,2025-12-21 10:01:36.362806,Product_A,East,98.0,422.03,3783.0
150,2025-12-20 10:01:36.362806,Product_D,North,57.0,28.83,4644.0
151,2025-12-19 10:01:36.362806,Product_C,North,90.0,451.86,6241.0
152,2025-12-18 10:01:36.362806,Product_C,North,41.0,236.12,7420.0
153,2025-12-17 10:01:36.362806,Product_A,West,3.0,322.23,8557.0
154,2025-12-16 10:01:36.362806,Product_C,South,6.0,333.08,3645.0
155,2025-12-15 10:01:36.362806,Product_A,West,5.0,448.61,7589.0
156,2025-12-14 10:01:36.362806,Product_B,North,5.0,321.97,7353.0
157,2025-12-13 10:01:36.362806,Product_C,South,54.0,310.83,2932.0
158,2025-12-12 10:01:36.362806,Product_B,North,47.0,42.66,2757.0
159,2025-12-11 10:01:36.362806,Product_A,West,87.0,264.02,6085.0
160,2025-12-10 10:01:36.362806,Product_D,West,49.0,83.58,6637.0
161,2025-12-09 10:01:36.362806,Product_C,West,9.0,371.34,2116.0
162,2025-12-08 10:01:36.362806,Product_A,North,99.0,260.99,1492.0
163,2025-12-07 10:01:36.362806,Product_D,South,20.0,343.31,9811.0
164,2025-12-06 10:01:36.362806,Product_D,South,61.0,30.42,8888.0
165,2025-12-05 10:01:36.362806,Product_B,North,35.0,51.55,7474.0
166,2025-12-04 10:01:36.362806,Product_A,South,50.0,361.0,5958.0
167,2025-12-03 10:01:36.362806,Product_D,North,82.0,45.32,3743.0
168,2025-12-02 10:01:36.362806,Product_C,South,62.0,44.92,8866.0
169,2025-12-01 10:01:36.362806,Product_C,East,17.0,15.93,8160.0
170,2025-11-30 10:01:36.362806,Product_B,East,88.0,478.69,6451.0
171,2025-11-29 10:01:36.362806,Product_D,West,3.0,371.38,6258.0
172,2025-11-28 10:01:36.362806,Product_A,East,32.0,183.09,9548.0
173,2025-11-27 10:01:36.362806,Product_C,East,99.0,155.3,8186.0
174,2025-11-26 10:01:36.362806,Product_D,East,13.0,181.35,7102.0
175,2025-11-25 10:01:36.362806,Product_D,North,89.0,389.58,1619.0
176,2025-11-24 10:01:36.362806,Product_B,East,73.0,334.07,1882.0
177,2025-11-23 10:01:36.362806,Product_C,East,68.0,100.75,9988.0
178,2025-11-22 10:01:36.362806,Product_C,West,14.0,95.31,4642.0
179,2025-11-21 10:01:36.362806,Product_A,East,98.0,58.21,2296.0
180,2025-11-20 10:01:36.362806,Product_C,East,11.0,333.55,9436.0
181,2025-11-19 10:01:36.362806,Product_A,South,56.0,384.54,3895.0
182,2025-11-18 10:01:36.362806,Product_C,West,67.0,139.87,7593.0
183,2025-11-17 10:01:36.362806,Product_B,West,92.0,20.26,1929.0
184,2025-11-16 10:01:36.362806,Product_C,West,29.0,50.26,6366.0
185,2025-11-15 10:01:36.362806,Product_A,West,9.0,484.25,9711.0
186,2025-11-14 10:01:36.362806,Product_A,West,67.0,154.77,4212.0
187,2025-11-13 10:01:36.362806,Product_B,West,25.0,386.92,3409.0
188,2025-11-12 10:01:36.362806,Product_C,North,98.0,316.09,9199.0
189,2025-11-11 10:01:36.362806,Product_C,East,76.0,197.15,4423.0
190,2025-11-10 10:01:36.362806,Product_B,West,42.0,110.79,7976.0
191,2025-11-09 10:01:36.362806,Product_C,East,9.0,69.48,8594.0
192,2025-11-08 10:01:36.362806,Product_C,East,79.0,311.36,6158.0
193,2025-11-07 10:01:36.362806,Product_A,North,40.0,389.57,4667.0
194,2025-11-06 10:01:36.362806,Product_C,West,25.0,325.51,6973.0
195,2025-11-05 10:01:36.362806,Product_C,South,5.0,269.85,7236.0
196,2025-11-04 10:01:36.362806,Product_B,North,11.0,30.56,9277.0
197,2025-11-03 10:01:36.362806,Product_B,South,59.0,484.56,3468.0
198,2025-11-02 10:01:36.362806,Product_D,East,98.0,401.37,7217.0
199,2025-11-01 10:01:36.362806,Product_A,East,88.0,153.48,4619.0
200,2025-10-31 10:01:36.362806,Product_C,North,79.0,490.19,2636.0
201,2025-10-30 10:01:36.362806,Product_C,North,38.0,304.92,
202,2025-10-29 10:01:36.362806,Product_D,South,72.0,295.39,
203,2025-10-28 10:01:36.362806,Product_C,West,5.0,376.56,
204,2025-10-27 10:01:36.362806,Product_A,South,48.0,407.77,4326.0
205,2025-10-26 10:01:36.362806,Product_D,North,90.0,331.67,9148.0
206,2025-10-25 10:01:36.362806,Product_A,South,18.0,72.77,3217.0
207,2025-10-24 10:01:36.362806,Product_D,North,70.0,175.75,5967.0
208,2025-10-23 10:01:36.362806,Product_D,South,37.0,464.76,3369.0
209,2025-10-22 10:01:36.362806,Product_B,North,60.0,120.06,4638.0
210,2025-10-21 10:01:36.362806,Product_A,North,48.0,192.36,6722.0
211,2025-10-20 10:01:36.362806,Product_C,North,77.0,221.72,5444.0
212,2025-10-19 10:01:36.362806,Product_C,West,28.0,225.31,8618.0
213,2025-10-18 10:01:36.362806,Product_A,South,69.0,310.34,4947.0
214,2025-10-17 10:01:36.362806,Product_C,South,77.0,472.11,2676.0
215,2025-10-16 10:01:36.362806,Product_C,South,81.0,127.94,2196.0
216,2025-10-15 10:01:36.362806,Product_A,North,40.0,69.54,3787.0
217,2025-10-14 10:01:36.362806,Product_D,South,45.0,106.76,8432.0
218,2025-10-13 10:01:36.362806,Product_A,South,96.0,444.59,8927.0
219,2025-10-12 10:01:36.362806,Product_D,North,62.0,326.45,4318.0
220,2025-10-11 10:01:36.362806,Product_C,East,93.0,150.09,9858.0
221,2025-10-10 10:01:36.362806,Product_C,North,58.0,409.81,7689.0
222,2025-10-09 10:01:36.362806,Product_C,South,67.0,432.07,3176.0
223,2025-10-08 10:01:36.362806,Product_B,North,56.0,424.79,4743.0
224,2025-10-07 10:01:36.362806,Product_D,East,40.0,460.27,9792.0
225,2025-10-06 10:01:36.362806,Product_B,North,98.0,133.6,5422.0
226,2025-10-05 10:01:36.362806,Product_B,South,40.0,379.97,4824.0
227,2025-10-04 10:01:36.362806,Product_A,East,91.0,235.66,3451.0
228,2025-10-03 10:01:36.362806,Product_B,West,77.0,422.58,1628.0
229,2025-10-02 10:01:36.362806,Product_A,South,33.0,366.96,8778.0
230,2025-10-01 10:01:36.362806,Product_A,East,6.0,390.46,4696.0
231,2025-09-30 10:01:36.362806,Product_B,East,88.0,331.52,4674.0
232,2025-09-29 10:01:36.362806,Product_D,West,19.0,96.94,4929.0
233,2025-09-28 10:01:36.362806,Product_D,North,80.0,277.06,3765.0
234,2025-09-27 10:01:36.362806,Product_D,North,40.0,492.49,5369.0
235,2025-09-26 10:01:36.362806,Product_D,South,92.0,469.32,9307.0
236,2025-09-25 10:01:36.362806,Product_D,West,97.0,31.16,5956.0
237,2025-09-24 10:01:36.362806,Product_B,North,59.0,90.76,1692.0
238,2025-09-23 10:01:36.362806,Product_B,West,59.0,74.55,4162.0
239,2025-09-22 10:01:36.362806,Product_C,North,48.0,365.73,2105.0
240,2025-09-21 10:01:36.362806,Product_D,East,41.0,410.71,4008.0
241,2025-09-20 10:01:36.362806,Product_B,North,13.0,114.62,3161.0
242,2025-09-19 10:01:36.362806,Product_C,West,45.0,257.87,9345.0
243,2025-09-18 10:01:36.362806,Product_D,East,89.0,421.94,4699.0
244,2025-09-17 10:01:36.362806,Product_A,East,53.0,369.07,4786.0
245,2025-09-16 10:01:36.362806,Product_C,East,42.0,275.7,5200.0
246,2025-09-15 10:01:36.362806,Product_B,West,63.0,299.27,2913.0
247,2025-09-14 10:01:36.362806,Product_A,South,27.0,259.1,6520.0
248,2025-09-13 10:01:36.362806,Product_A,South,38.0,155.8,2772.0
249,2025-09-12 10:01:36.362806,Product_A,South,60.0,286.86,3780.0
250,2025-09-11 10:01:36.362806,Product_C,West,7.0,347.55,8423.0
251,2025-09-10 10:01:36.362806,Product_B,East,5.0,437.93,3871.0
252,2025-09-09 10:01:36.362806,Product_A,South,45.0,321.78,1660.0
253,2025-09-08 10:01:36.362806,Product_D,West,58.0,382.95,7242.0
254,2025-09-07 10:01:36.362806,Product_A,South,31.0,88.44,2132.0
255,2025-09-06 10:01:36.362806,Product_A,North,23.0,236.16,1699.0
256,2025-09-05 10:01:36.362806,Product_C,South,42.0,14.57,8470.0
257,2025-09-04 10:01:36.362806,Product_C,South,10.0,130.87,7297.0
258,2025-09-03 10:01:36.362806,Product_B,East,32.0,365.97,8812.0
259,2025-09-02 10:01:36.362806,Product_D,West,53.0,495.99,5557.0
260,2025-09-01 10:01:36.362806,Product_C,East,30.0,58.6,3179.0
261,2025-08-31 10:01:36.362806,Product_A,East,39.0,206.73,9275.0
262,2025-08-30 10:01:36.362806,Product_B,East,31.0,402.03,2422.0
263,2025-08-29 10:01:36.362806,Product_A,East,82.0,109.98,4180.0
264,2025-08-28 10:01:36.362806,Product_A,East,2.0,281.99,5316.0
265,2025-08-27 10:01:36.362806,Product_C,South,78.0,369.2,7696.0
266,2025-08-26 10:01:36.362806,Product_B,East,77.0,311.83,1614.0
267,2025-08-25 10:01:36.362806,Product_D,East,93.0,102.13,5570.0
268,2025-08-24 10:01:36.362806,Product_D,West,12.0,184.14,1270.0
269,2025-08-23 10:01:36.362806,Product_C,North,39.0,394.06,3468.0
270,2025-08-22 10:01:36.362806,Product_C,South,66.0,281.57,4607.0
271,2025-08-21 10:01:36.362806,Product_B,South,96.0,12.56,4075.0
272,2025-08-20 10:01:36.362806,Product_D,South,13.0,382.89,1289.0
273,2025-08-19 10:01:36.362806,Product_D,East,46.0,27.3,9120.0
274,2025-08-18 10:01:36.362806,Product_D,East,27.0,375.41,7614.0
275,2025-08-17 10:01:36.362806,Product_A,East,17.0,109.22,4252.0
276,2025-08-16 10:01:36.362806,Product_D,West,95.0,479.46,8415.0
277,2025-08-15 10:01:36.362806,Product_A,North,98.0,190.29,7771.0
278,2025-08-14 10:01:36.362806,Product_B,East,60.0,170.2,1278.0
279,2025-08-13 10:01:36.362806,Product_A,North,64.0,82.96,1580.0
280,2025-08-12 10:01:36.362806,Product_B,West,88.0,159.75,5958.0
281,2025-08-11 10:01:36.362806,Product_D,South,35.0,439.56,9445.0
282,2025-08-10 10:01:36.362806,Product_D,East,70.0,498.2,5276.0
283,2025-08-09 10:01:36.362806,Product_B,North,83.0,190.47,8997.0
284,2025-08-08 10:01:36.362806,Product_C,North,30.0,229.82,5776.0
285,2025-08-07 10:01:36.362806,Product_B,East,71.0,363.81,1824.0
286,2025-08-06 10:01:36.362806,Product_C,South,74.0,444.24,4832.0
287,2025-08-05 10:01:36.362806,Product_A,South,96.0,300.59,9891.0
288,2025-08-04 10:01:36.362806,Product_A,South,98.0,201.85,6445.0
289,2025-08-03 10:01:36.362806,Product_A,West,63.0,212.18,2380.0
290,2025-08-02 10:01:36.362806,Product_D,North,28.0,350.85,7534.0
291,2025-08-01 10:01:36.362806,Product_A,North,60.0,11.58,4156.0
292,2025-07-31 10:01:36.362806,Product_C,North,79.0,313.6,5307.0
293,2025-07-30 10:01:36.362806,Product_A,West,94.0,184.19,6634.0
294,2025-07-29 10:01:36.362806,Product_B,North,37.0,399.16,9575.0
295,2025-07-28 10:01:36.362806,Product_B,West,93.0,55.57,6810.0
296,2025-07-27 10:01:36.362806,Product_D,South,22.0,298.22,9533.0
297,2025-07-26 10:01:36.362806,Product_B,East,68.0,245.68,6934.0
298,2025-07-25 10:01:36.362806,Product_C,North,20.0,324.74,4109.0
299,2025-07-24 10:01:36.362806,Product_A,North,96.0,41.78,5082.0
300,2025-07-23 10:01:36.362806,Product_D,South,68.0,294.19,4240.0
301,2025-07-22 10:01:36.362806,Product_A,East,91.0,285.13,7028.0
302,2025-07-21 10:01:36.362806,Product_A,West,64.0,284.72,2849.0
303,2025-07-20 10:01:36.362806,Product_C,East,17.0,305.71,9497.0
304,2025-07-19 10:01:36.362806,Product_B,South,12.0,341.47,3749.0
305,2025-07-18 10:01:36.362806,Product_B,South,22.0,404.44,7680.0
306,2025-07-17 10:01:36.362806,Product_A,East,17.0,142.21,1205.0
307,2025-07-16 10:01:36.362806,Product_D,West,10.0,414.27,8352.0
308,2025-07-15 10:01:36.362806,Product_B,West,65.0,254.15,5591.0
309,2025-07-14 10:01:36.362806,Product_D,North,22.0,47.76,4450.0
310,2025-07-13 10:01:36.362806,Product_B,West,90.0,38.69,8214.0
311,2025-07-12 10:01:36.362806,Product_D,East,82.0,173.78,4811.0
312,2025-07-11 10:01:36.362806,Product_C,South,50.0,394.6,6141.0
313,2025-07-10 10:01:36.362806,Product_D,North,14.0,356.76,9501.0
314,2025-07-09 10:01:36.362806,Product_C,North,64.0,396.42,3708.0
315,2025-07-08 10:01:36.362806,Product_C,South,47.0,263.46,2991.0
316,2025-07-07 10:01:36.362806,Product_D,West,29.0,225.7,9463.0
317,2025-07-06 10:01:36.362806,Product_C,South,76.0,82.25,4273.0
318,2025-07-05 10:01:36.362806,Product_A,West,36.0,170.81,5538.0
319,2025-07-04 10:01:36.362806,Product_C,South,99.0,222.67,9712.0
320,2025-07-03 10:01:36.362806,Product_B,East,52.0,53.41,4722.0
321,2025-07-02 10:01:36.362806,Product_D,West,76.0,118.1,4551.0
322,2025-07-01 10:01:36.362806,Product_A,East,7.0,303.13,3832.0
323,2025-06-30 10:01:36.362806,Product_D,North,29.0,370.47,6679.0
324,2025-06-29 10:01:36.362806,Product_B,South,11.0,499.19,7579.0
325,2025-06-28 10:01:36.362806,Product_B,North,33.0,467.23,1152.0
326,2025-06-27 10:01:36.362806,Product_B,North,6.0,324.86,6754.0
327,2025-06-26 10:01:36.362806,Product_C,North,79.0,216.41,3800.0
328,2025-06-25 10:01:36.362806,Product_C,North,32.0,321.73,6310.0
329,2025-06-24 10:01:36.362806,Product_D,South,51.0,394.97,3610.0
330,2025-06-23 10:01:36.362806,Product_D,North,75.0,67.98,2104.0
331,2025-06-22 10:01:36.362806,Product_A,South,58.0,210.85,8361.0
332,2025-06-21 10:01:36.362806,Product_A,South,87.0,421.5,5199.0
333,2025-06-20 10:01:36.362806,Product_D,East,26.0,198.08,4854.0
334,2025-06-19 10:01:36.362806,Product_C,West,98.0,290.22,8263.0
335,2025-06-18 10:01:36.362806,Product_B,West,46.0,298.01,2914.0
336,2025-06-17 10:01:36.362806,Product_D,South,98.0,100.39,8365.0
337,2025-06-16 10:01:36.362806,Product_A,East,29.0,187.5,4072.0
338,2025-06-15 10:01:36.362806,Product_C,South,4.0,173.91,1406.0
339,2025-06-14 10:01:36.362806,Product_D,South,81.0,22.84,1166.0
340,2025-06-13 10:01:36.362806,Product_D,South,99.0,21.85,1508.0
341,2025-06-12 10:01:36.362806,Product_C,East,13.0,417.53,2661.0
342,2025-06-11 10:01:36.362806,Product_D,West,39.0,143.8,4664.0
343,2025-06-10 10:01:36.362806,Product_C,East,15.0,263.86,4489.0
344,2025-06-09 10:01:36.362806,Product_B,North,29.0,156.38,1680.0
345,2025-06-08 10:01:36.362806,Product_C,East,29.0,470.93,3524.0
346,2025-06-07 10:01:36.362806,Product_C,East,75.0,137.06,3120.0
347,2025-06-06 10:01:36.362806,Product_C,East,32.0,220.53,6260.0
348,2025-06-05 10:01:36.362806,Product_D,East,2.0,437.64,5357.0
349,2025-06-04 10:01:36.362806,Product_D,West,47.0,422.55,2363.0
350,2025-06-03 10:01:36.362806,Product_C,North,78.0,101.19,3292.0
351,2025-06-02 10:01:36.362806,Product_D,West,84.0,403.3,2538.0
352,2025-06-01 10:01:36.362806,Product_A,West,22.0,234.51,4408.0
353,2025-05-31 10:01:36.362806,Product_A,East,75.0,246.65,8742.0
354,2025-05-30 10:01:36.362806,Product_D,South,27.0,75.41,9752.0
355,2025-05-29 10:01:36.362806,Product_D,South,67.0,49.49,2903.0
356,2025-05-28 10:01:36.362806,Product_C,West,81.0,366.69,1174.0
357,2025-05-27 10:01:36.362806,Product_B,West,56.0,253.27,3230.0
358,2025-05-26 10:01:36.362806,Product_D,East,92.0,224.06,5287.0
359,2025-05-25 10:01:36.362806,Product_A,West,93.0,367.46,5160.0
360,2025-05-24 10:01:36.362806,Product_C,East,21.0,385.1,8106.0
361,2025-05-23 10:01:36.362806,Product_D,South,47.0,87.87,4171.0
362,2025-05-22 10:01:36.362806,Product_A,South,80.0,309.01,2567.0
363,2025-05-21 10:01:36.362806,Product_A,North,59.0,76.32,2151.0
364,2025-05-20 10:01:36.362806,Product_B,South,84.0,378.17,8619.0
365,2025-05-19 10:01:36.362806,Product_C,West,6.0,331.91,7033.0
366,2025-05-18 10:01:36.362806,Product_C,South,19.0,478.74,9560.0
367,2025-05-17 10:01:36.362806,Product_B,East,57.0,43.79,5946.0
368,2025-05-16 10:01:36.362806,Product_B,South,69.0,37.96,9234.0
369,2025-05-15 10:01:36.362806,Product_C,North,3.0,148.27,2907.0
370,2025-05-14 10:01:36.362806,Product_C,South,1.0,138.24,4490.0
371,2025-05-13 10:01:36.362806,Product_D,East,58.0,131.02,3535.0
372,2025-05-12 10:01:36.362806,Product_D,East,38.0,454.06,5173.0
373,2025-05-11 10:01:36.362806,Product_B,West,15.0,132.28,2293.0
374,2025-05-10 10:01:36.362806,Product_D,South,34.0,143.26,5769.0
375,2025-05-09 10:01:36.362806,Product_A,East,61.0,382.11,5796.0
376,2025-05-08 10:01:36.362806,Product_D,North,35.0,230.37,7871.0
377,2025-05-07 10:01:36.362806,Product_D,West,64.0,390.59,3972.0
378,2025-05-06 10:01:36.362806,Product_A,North,25.0,42.03,4922.0
379,2025-05-05 10:01:36.362806,Product_B,South,24.0,248.91,5997.0
380,2025-05-04 10:01:36.362806,Product_A,South,12.0,26.47,8032.0
381,2025-05-03 10:01:36.362806,Product_D,South,18.0,40.7,1992.0
382,2025-05-02 10:01:36.362806,Product_B,West,15.0,454.15,9112.0
383,2025-05-01 10:01:36.362806,Product_D,East,80.0,78.23,6287.0
384,2025-04-30 10:01:36.362806,Product_A,West,27.0,270.89,3240.0
385,2025-04-29 10:01:36.362806,Product_A,North,72.0,211.44,2476.0
386,2025-04-28 10:01:36.362806,Product_D,West,60.0,180.2,7426.0
387,2025-04-27 10:01:36.362806,Product_C,North,46.0,450.92,1389.0
388,2025-04-26 10:01:36.362806,Product_C,West,89.0,20.69,1999.0
389,2025-04-25 10:01:36.362806,Product_A,East,17.0,335.26,2855.0
390,2025-04-24 10:01:36.362806,Product_A,North,93.0,482.06,9125.0
391,2025-04-23 10:01:36.362806,Product_C,South,53.0,284.48,9850.0
392,2025-04-22 10:01:36.362806,Product_C,South,8.0,469.04,3763.0
393,2025-04-21 10:01:36.362806,Product_D,West,79.0,35.61,4663.0
394,2025-04-20 10:01:36.362806,Product_D,South,27.0,215.21,5986.0
395,2025-04-19 10:01:36.362806,Product_C,North,46.0,137.48,2481.0
396,2025-04-18 10:01:36.362806,Product_D,South,50.0,368.1,8256.0
397,2025-04-17 10:01:36.362806,Product_D,East,71.0,490.84,4731.0
398,2025-04-16 10:01:36.362806,Product_B,East,3.0,135.7,8262.0
399,2025-04-15 10:01:36.362806,Product_D,West,93.0,330.55,1451.0
400,2025-04-14 10:01:36.362806,Product_A,North,64.0,107.07,4093.0
401,2025-04-13 10:01:36.362806,Product_D,East,44.0,287.01,1882.0
402,2025-04-12 10:01:36.362806,Product_D,East,53.0,237.33,5408.0
403,2025-04-11 10:01:36.362806,Product_C,North,24.0,486.28,5068.0
404,2025-04-10 10:01:36.362806,Product_A,South,60.0,308.18,4277.0
405,2025-04-09 10:01:36.362806,Product_D,South,3.0,181.26,9566.0
406,2025-04-08 10:01:36.362806,Product_D,West,20.0,65.91,8951.0
407,2025-04-07 10:01:36.362806,Product_B,South,46.0,84.11,5690.0
408,2025-04-06 10:01:36.362806,Product_D,North,15.0,120.41,5595.0
409,2025-04-05 10:01:36.362806,Product_D,East,25.0,132.97,5559.0
410,2025-04-04 10:01:36.362806,Product_B,South,94.0,426.8,8291.0
411,2025-04-03 10:01:36.362806,Product_C,West,78.0,285.0,9160.0
412,2025-04-02 10:01:36.362806,Product_D,South,71.0,266.46,1112.0
413,2025-04-01 10:01:36.362806,Product_B,North,17.0,66.24,6131.0
414,2025-03-31 10:01:36.362806,Product_A,West,84.0,431.47,4197.0
415,2025-03-30 10:01:36.362806,Product_C,South,9.0,364.18,1139.0
416,2025-03-29 10:01:36.362806,Product_A,West,38.0,43.16,2424.0
417,2025-03-28 10:01:36.362806,Product_A,North,48.0,356.84,3949.0
418,2025-03-27 10:01:36.362806,Product_B,East,60.0,276.33,4168.0
419,2025-03-26 10:01:36.362806,Product_D,North,63.0,50.05,9708.0
420,2025-03-25 10:01:36.362806,Product_B,North,86.0,234.57,7043.0
421,2025-03-24 10:01:36.362806,Product_B,North,2.0,247.5,7989.0
422,2025-03-23 10:01:36.362806,Product_B,North,88.0,91.23,8236.0
423,2025-03-22 10:01:36.362806,Product_B,East,72.0,473.39,7261.0
424,2025-03-21 10:01:36.362806,Product_C,East,11.0,426.49,1887.0
425,2025-03-20 10:01:36.362806,Product_D,West,64.0,337.82,4104.0
426,2025-03-19 10:01:36.362806,Product_A,South,77.0,236.52,1049.0
427,2025-03-18 10:01:36.362806,Product_A,East,81.0,211.77,4951.0
428,2025-03-17 10:01:36.362806,Product_D,East,72.0,328.98,4560.0
429,2025-03-16 10:01:36.362806,Product_A,South,21.0,277.26,1018.0
430,2025-03-15 10:01:36.362806,Product_D,East,18.0,40.51,5821.0
431,2025-03-14 10:01:36.362806,Product_A,North,94.0,261.13,7340.0
432,2025-03-13 10:01:36.362806,Product_B,North,64.0,405.14,9058.0
433,2025-03-12 10:01:36.362806,Product_A,South,82.0,235.03,3606.0
434,2025-03-11 10:01:36.362806,Product_D,West,95.0,35.46,8846.0
435,2025-03-10 10:01:36.362806,Product_D,West,38.0,395.28,9643.0
436,2025-03-09 10:01:36.362806,Product_D,South,32.0,108.67,7432.0
437,2025-03-08 10:01:36.362806,Product_D,South,11.0,136.72,4765.0
438,2025-03-07 10:01:36.362806,Product_D,North,45.0,90.71,3438.0
439,2025-03-06 10:01:36.362806,Product_C,West,89.0,171.81,7358.0
440,2025-03-05 10:01:36.362806,Product_C,East,33.0,380.81,9319.0
441,2025-03-04 10:01:36.362806,Product_A,North,41.0,264.5,6941.0
442,2025-03-03 10:01:36.362806,Product_D,South,8.0,110.39,8644.0
443,2025-03-02 10:01:36.362806,Product_A,West,11.0,440.14,5855.0
444,2025-03-01 10:01:36.362806,Product_D,East,86.0,441.0,7547.0
445,2025-02-28 10:01:36.362806,Product_D,East,51.0,436.58,8196.0
446,2025-02-27 10:01:36.362806,Product_C,North,88.0,127.01,6911.0
447,2025-02-26 10:01:36.362806,Product_C,West,41.0,231.11,7481.0
448,2025-02-25 10:01:36.362806,Product_B,West,17.0,492.64,3761.0
449,2025-02-24 10:01:36.362806,Product_C,South,76.0,388.29,5456.0
450,2025-02-23 10:01:36.362806,Product_B,West,46.0,23.31,7361.0
451,2025-02-22 10:01:36.362806,Product_B,West,32.0,41.95,6693.0
452,2025-02-21 10:01:36.362806,Product_B,North,79.0,237.33,6788.0
453,2025-02-20 10:01:36.362806,Product_B,West,80.0,455.52,1201.0
454,2025-02-19 10:01:36.362806,Product_B,East,54.0,273.96,7160.0
455,2025-02-18 10:01:36.362806,Product_A,North,86.0,253.93,1517.0
456,2025-02-17 10:01:36.362806,Product_C,North,92.0,61.68,8737.0
457,2025-02-16 10:01:36.362806,Product_B,South,20.0,331.82,2988.0
458,2025-02-15 10:01:36.362806,Product_D,West,33.0,412.83,4802.0
459,2025-02-14 10:01:36.362806,Product_C,South,74.0,196.41,6808.0
460,2025-02-13 10:01:36.362806,Product_C,East,40.0,390.05,8162.0
461,2025-02-12 10:01:36.362806,Product_B,North,32.0,482.59,7241.0
462,2025-02-11 10:01:36.362806,Product_A,North,97.0,109.85,9399.0
463,2025-02-10 10:01:36.362806,Product_B,North,2.0,266.43,6633.0
464,2025-02-09 10:01:36.362806,Product_A,East,97.0,150.7,6755.0
465,2025-02-08 10:01:36.362806,Product_D,East,33.0,398.5,7309.0
466,2025-02-07 10:01:36.362806,Product_C,South,77.0,293.02,5117.0
467,2025-02-06 10:01:36.362806,Product_D,South,30.0,320.95,9345.0
468,2025-02-05 10:01:36.362806,Product_A,South,33.0,400.98,2518.0
469,2025-02-04 10:01:36.362806,Product_A,West,77.0,204.03,7163.0
470,2025-02-03 10:01:36.362806,Product_D,North,26.0,458.39,3600.0
471,2025-02-02 10:01:36.362806,Product_A,North,22.0,271.18,3195.0
472,2025-02-01 10:01:36.362806,Product_D,South,66.0,87.4,4554.0
473,2025-01-31 10:01:36.362806,Product_C,North,38.0,350.99,3849.0
474,2025-01-30 10:01:36.362806,Product_D,South,90.0,398.7,2742.0
475,2025-01-29 10:01:36.362806,Product_C,West,46.0,165.21,2306.0
476,2025-01-28 10:01:36.362806,Product_D,West,15.0,430.02,4849.0
477,2025-01-27 10:01:36.362806,Product_A,East,98.0,454.01,8519.0
478,2025-01-26 10:01:36.362806,Product_D,West,44.0,145.68,5195.0
479,2025-01-25 10:01:36.362806,Product_A,South,49.0,491.93,6178.0
480,2025-01-24 10:01:36.362806,Product_D,West,75.0,78.95,3555.0
481,2025-01-23 10:01:36.362806,Product_D,East,61.0,108.99,3305.0
482,2025-01-22 10:01:36.362806,Product_B,North,67.0,100.27,8619.0
483,2025-01-21 10:01:36.362806,Product_A,South,6.0,448.05,3642.0
484,2025-01-20 10:01:36.362806,Product_B,North,9.0,330.6,7409.0
485,2025-01-19 10:01:36.362806,Product_A,East,6.0,84.53,5757.0
486,2025-01-18 10:01:36.362806,Product_B,East,73.0,225.76,3994.0
487,2025-01-17 10:01:36.362806,Product_C,East,95.0,311.5,9751.0
488,2025-01-16 10:01:36.362806,Product_D,North,32.0,50.9,2271.0
489,2025-01-15 10:01:36.362806,Product_A,North,41.0,442.38,2813.0
490,2025-01-14 10:01:36.362806,Product_A,North,76.0,403.77,9801.0
491,2025-01-13 10:01:36.362806,Product_D,North,8.0,257.55,3461.0
492,2025-01-12 10:01:36.362806,Product_A,East,72.0,483.89,5120.0
493,2025-01-11 10:01:36.362806,Product_A,East,50.0,214.7,7124.0
494,2025-01-10 10:01:36.362806,Product_B,South,92.0,492.21,9475.0
495,2025-01-09 10:01:36.362806,Product_A,South,62.0,337.28,5396.0
496,2025-01-08 10:01:36.362806,Product_C,North,84.0,320.99,1816.0
497,2025-01-07 10:01:36.362806,Product_C,West,62.0,91.32,8304.0
498,2025-01-06 10:01:36.362806,Product_D,West,7.0,442.14,8331.0
499,2025-01-05 10:01:36.362806,Product_A,East,75.0,219.47,1082.0
500,2025-01-04 10:01:36.362806,Product_D,East,84.0,89.49,2920.0
501,2025-01-03 10:01:36.362806,Product_C,East,80.0,16.18,8817.0
502,2025-01-02 10:01:36.362806,Product_A,South,4.0,284.28,3093.0
503,2025-01-01 10:01:36.362806,Product_A,South,6.0,268.43,8071.0
504,2024-12-31 10:01:36.362806,Product_D,East,58.0,362.48,8967.0
505,2024-12-30 10:01:36.362806,Product_C,East,22.0,446.23,9367.0
506,2024-12-29 10:01:36.362806,Product_A,East,26.0,48.91,6285.0
507,2024-12-28 10:01:36.362806,Product_D,West,3.0,368.43,5937.0
508,2024-12-27 10:01:36.362806,Product_C,South,41.0,101.83,1369.0
509,2024-12-26 10:01:36.362806,Product_D,West,60.0,430.51,2818.0
510,2024-12-25 10:01:36.362806,Product_B,West,14.0,411.34,3101.0
511,2024-12-24 10:01:36.362806,Product_A,East,75.0,274.99,4490.0
512,2024-12-23 10:01:36.362806,Product_B,East,82.0,358.02,2779.0
513,2024-12-22 10:01:36.362806,Product_C,North,12.0,164.03,8674.0
514,2024-12-21 10:01:36.362806,Product_B,North,87.0,240.87,2364.0
515,2024-12-20 10:01:36.362806,Product_B,West,12.0,412.6,8294.0
516,2024-12-19 10:01:36.362806,Product_C,South,13.0,235.04,4676.0
517,2024-12-18 10:01:36.362806,Product_D,East,25.0,185.32,3426.0
518,2024-12-17 10:01:36.362806,Product_B,East,45.0,252.16,9264.0
519,2024-12-16 10:01:36.362806,Product_D,West,19.0,415.84,9089.0
520,2024-12-15 10:01:36.362806,Product_B,North,55.0,174.25,3962.0
521,2024-12-14 10:01:36.362806,Product_D,South,45.0,95.14,1859.0
522,2024-12-13 10:01:36.362806,Product_C,North,8.0,358.89,5138.0
523,2024-12-12 10:01:36.362806,Product_B,North,93.0,414.73,3424.0
524,2024-12-11 10:01:36.362806,Product_C,North,53.0,59.31,5017.0
525,2024-12-10 10:01:36.362806,Product_B,North,55.0,127.54,9560.0
526,2024-12-09 10:01:36.362806,Product_C,East,32.0,79.57,9342.0
527,2024-12-08 10:01:36.362806,Product_C,East,51.0,180.49,2134.0
528,2024-12-07 10:01:36.362806,Product_B,North,44.0,230.67,6166.0
529,2024-12-06 10:01:36.362806,Product_B,South,82.0,376.92,6119.0
530,2024-12-05 10:01:36.362806,Product_B,West,70.0,329.06,6694.0
531,2024-12-04 10:01:36.362806,Product_A,South,18.0,314.25,7136.0
532,2024-12-03 10:01:36.362806,Product_D,South,83.0,182.66,6485.0
533,2024-12-02 10:01:36.362806,Product_A,South,22.0,422.31,5164.0
534,2024-12-01 10:01:36.362806,Product_A,North,37.0,240.93,3346.0
535,2024-11-30 10:01:36.362806,Product_C,East,96.0,489.76,6039.0
536,2024-11-29 10:01:36.362806,Product_B,South,56.0,320.73,5897.0
537,2024-11-28 10:01:36.362806,Product_D,North,59.0,71.87,9252.0
538,2024-11-27 10:01:36.362806,Product_C,South,3.0,341.33,6041.0
539,2024-11-26 10:01:36.362806,Product_A,South,28.0,169.3,4901.0
540,2024-11-25 10:01:36.362806,Product_B,North,74.0,346.3,2337.0
541,2024-11-24 10:01:36.362806,Product_C,East,35.0,44.12,2184.0
542,2024-11-23 10:01:36.362806,Product_B,East,61.0,95.69,5426.0
543,2024-11-22 10:01:36.362806,Product_C,West,93.0,429.31,2551.0
544,2024-11-21 10:01:36.362806,Product_B,North,54.0,121.32,2629.0
545,2024-11-20 10:01:36.362806,Product_A,West,63.0,420.15,2526.0
546,2024-11-19 10:01:36.362806,Product_D,West,79.0,146.85,2361.0
547,2024-11-18 10:01:36.362806,Product_A,West,97.0,325.01,5370.0
548,2024-11-17 10:01:36.362806,Product_D,East,7.0,350.13,6283.0
549,2024-11-16 10:01:36.362806,Product_B,North,76.0,261.2,8610.0
550,2024-11-15 10:01:36.362806,Product_C,West,49.0,159.6,2993.0
551,2024-11-14 10:01:36.362806,Product_A,North,94.0,114.2,1869.0
552,2024-11-13 10:01:36.362806,Product_D,North,85.0,26.26,2014.0
553,2024-11-12 10:01:36.362806,Product_A,East,31.0,158.93,1602.0
554,2024-11-11 10:01:36.362806,Product_D,West,58.0,330.05,1690.0
555,2024-11-10 10:01:36.362806,Product_A,West,61.0,469.77,9685.0
556,2024-11-09 10:01:36.362806,Product_D,North,24.0,436.89,1489.0
557,2024-11-08 10:01:36.362806,Product_D,South,20.0,385.37,7864.0
558,2024-11-07 10:01:36.362806,Product_B,East,37.0,396.34,8240.0
559,2024-11-06 10:01:36.362806,Product_D,East,4.0,335.84,8786.0
560,2024-11-05 10:01:36.362806,Product_B,East,92.0,137.54,9024.0
561,2024-11-04 10:01:36.362806,Product_D,East,20.0,454.53,1294.0
562,2024-11-03 10:01:36.362806,Product_C,West,60.0,338.66,6488.0
563,2024-11-02 10:01:36.362806,Product_C,West,24.0,284.62,5027.0
564,2024-11-01 10:01:36.362806,Product_C,South,50.0,64.38,3912.0
565,2024-10-31 10:01:36.362806,Product_D,East,49.0,229.06,5744.0
566,2024-10-30 10:01:36.362806,Product_B,East,51.0,235.58,2873.0
567,2024-10-29 10:01:36.362806,Product_B,North,96.0,433.64,4258.0
568,2024-10-28 10:01:36.362806,Product_D,West,36.0,277.86,3817.0
569,2024-10-27 10:01:36.362806,Product_C,East,98.0,196.4,9636.0
570,2024-10-26 10:01:36.362806,Product_C,South,66.0,488.63,4641.0
571,2024-10-25 10:01:36.362806,Product_B,South,79.0,64.25,5458.0
572,2024-10-24 10:01:36.362806,Product_C,West,34.0,217.05,6307.0
573,2024-10-23 10:01:36.362806,Product_A,South,36.0,30.59,9933.0
574,2024-10-22 10:01:36.362806,Product_B,South,6.0,372.55,3041.0
575,2024-10-21 10:01:36.362806,Product_C,West,39.0,459.86,1679.0
576,2024-10-20 10:01:36.362806,Product_B,East,42.0,147.22,6738.0
577,2024-10-19 10:01:36.362806,Product_A,East,58.0,430.59,6668.0
578,2024-10-18 10:01:36.362806,Product_B,South,12.0,153.19,8697.0
579,2024-10-17 10:01:36.362806,Product_B,South,3.0,456.28,9033.0
580,2024-10-16 10:01:36.362806,Product_B,East,18.0,379.44,1062.0
581,2024-10-15 10:01:36.362806,Product_B,West,40.0,404.4,8829.0
582,2024-10-14 10:01:36.362806,Product_A,South,21.0,18.82,8352.0
583,2024-10-13 10:01:36.362806,Product_D,North,15.0,481.78,7915.0
584,2024-10-12 10:01:36.362806,Product_B,West,97.0,366.07,9326.0
585,2024-10-11 10:01:36.362806,Product_B,South,99.0,159.33,4644.0
586,2024-10-10 10:01:36.362806,Product_C,South,26.0,416.4,5970.0
587,2024-10-09 10:01:36.362806,Product_B,North,8.0,147.95,9003.0
588,2024-10-08 10:01:36.362806,Product_C,North,94.0,437.65,4278.0
589,2024-10-07 10:01:36.362806,Product_D,East,87.0,65.16,8296.0
590,2024-10-06 10:01:36.362806,Product_A,West,42.0,354.81,4074.0
591,2024-10-05 10:01:36.362806,Product_A,West,44.0,274.94,9312.0
592,2024-10-04 10:01:36.362806,Product_D,East,14.0,57.3,8552.0
593,2024-10-03 10:01:36.362806,Product_A,West,78.0,128.53,2637.0
594,2024-10-02 10:01:36.362806,Product_D,West,2.0,16.08,6103.0
595,2024-10-01 10:01:36.362806,Product_D,West,37.0,239.7,1644.0
596,2024-09-30 10:01:36.362806,Product_D,West,69.0,157.62,3032.0
597,2024-09-29 10:01:36.362806,Product_A,West,38.0,303.2,3761.0
598,2024-09-28 10:01:36.362806,Product_C,North,41.0,155.65,3068.0
599,2024-09-27 10:01:36.362806,Product_D,West,62.0,156.96,1241.0
600,2024-09-26 10:01:36.362806,Product_B,North,60.0,374.16,3668.0
601,2024-09-25 10:01:36.362806,Product_A,West,14.0,33.59,1802.0
602,2024-09-24 10:01:36.362806,Product_D,East,89.0,452.42,6059.0
603,2024-09-23 10:01:36.362806,Product_D,South,84.0,427.61,1195.0
604,2024-09-22 10:01:36.362806,Product_B,North,2.0,337.22,3187.0
605,2024-09-21 10:01:36.362806,Product_C,West,70.0,300.68,3330.0
606,2024-09-20 10:01:36.362806,Product_C,East,17.0,447.23,5841.0
607,2024-09-19 10:01:36.362806,Product_C,South,89.0,100.81,4606.0
608,2024-09-18 10:01:36.362806,Product_D,North,28.0,48.69,9468.0
609,2024-09-17 10:01:36.362806,Product_D,South,66.0,127.36,1060.0
610,2024-09-16 10:01:36.362806,Product_D,East,35.0,399.34,4927.0
611,2024-09-15 10:01:36.362806,Product_A,North,5.0,26.99,7296.0
612,2024-09-14 10:01:36.362806,Product_B,South,65.0,295.58,3591.0
613,2024-09-13 10:01:36.362806,Product_D,West,40.0,497.76,9758.0
614,2024-09-12 10:01:36.362806,Product_B,North,76.0,429.29,7121.0
615,2024-09-11 10:01:36.362806,Product_B,South,56.0,265.51,2200.0
616,2024-09-10 10:01:36.362806,Product_C,East,36.0,41.18,3854.0
617,2024-09-09 10:01:36.362806,Product_A,East,45.0,417.37,8024.0
618,2024-09-08 10:01:36.362806,Product_D,North,23.0,303.5,7972.0
619,2024-09-07 10:01:36.362806,Product_C,South,47.0,66.32,1136.0
620,2024-09-06 10:01:36.362806,Product_C,North,31.0,55.99,2029.0
621,2024-09-05 10:01:36.362806,Product_D,North,11.0,455.72,3594.0
622,2024-09-04 10:01:36.362806,Product_B,South,10.0,337.91,8206.0
623,2024-09-03 10:01:36.362806,Product_C,South,67.0,416.35,1661.0
624,2024-09-02 10:01:36.362806,Product_B,West,14.0,440.7,3472.0
625,2024-09-01 10:01:36.362806,Product_A,South,80.0,290.17,1086.0
626,2024-08-31 10:01:36.362806,Product_B,East,74.0,263.55,7219.0
627,2024-08-30 10:01:36.362806,Product_A,North,93.0,220.91,9143.0
628,2024-08-29 10:01:36.362806,Product_B,North,10.0,165.3,7968.0
629,2024-08-28 10:01:36.362806,Product_C,East,76.0,222.95,3773.0
630,2024-08-27 10:01:36.362806,Product_C,South,94.0,389.2,2700.0
631,2024-08-26 10:01:36.362806,Product_A,East,1.0,304.94,3700.0
632,2024-08-25 10:01:36.362806,Product_D,East,5.0,447.34,7815.0
633,2024-08-24 10:01:36.362806,Product_A,West,20.0,227.26,2647.0
634,2024-08-23 10:01:36.362806,Product_A,East,8.0,307.47,7038.0
635,2024-08-22 10:01:36.362806,Product_B,North,43.0,319.34,6164.0
636,2024-08-21 10:01:36.362806,Product_B,East,76.0,299.93,6520.0
637,2024-08-20 10:01:36.362806,Product_A,North,1.0,354.29,4687.0
638,2024-08-19 10:01:36.362806,Product_C,North,57.0,126.34,1596.0
639,2024-08-18 10:01:36.362806,Product_B,North,64.0,261.06,5545.0
640,2024-08-17 10:01:36.362806,Product_D,South,84.0,61.07,9676.0
641,2024-08-16 10:01:36.362806,Product_B,West,28.0,198.41,9837.0
642,2024-08-15 10:01:36.362806,Product_B,North,37.0,248.96,5757.0
643,2024-08-14 10:01:36.362806,Product_D,North,47.0,329.59,5384.0
644,2024-08-13 10:01:36.362806,Product_A,South,76.0,475.76,9912.0
645,2024-08-12 10:01:36.362806,Product_D,North,37.0,304.32,5733.0
646,2024-08-11 10:01:36.362806,Product_A,East,49.0,374.36,8081.0
647,2024-08-10 10:01:36.362806,Product_A,East,44.0,258.07,9690.0
648,2024-08-09 10:01:36.362806,Product_A,West,56.0,320.71,8117.0
649,2024-08-08 10:01:36.362806,Product_D,North,28.0,44.76,5729.0
650,2024-08-07 10:01:36.362806,Product_A,South,79.0,134.65,2673.0
651,2024-08-06 10:01:36.362806,Product_C,East,6.0,187.31,9306.0
652,2024-08-05 10:01:36.362806,Product_D,South,61.0,241.52,8178.0
653,2024-08-04 10:01:36.362806,Product_C,South,20.0,32.37,3294.0
654,2024-08-03 10:01:36.362806,Product_A,East,78.0,78.61,4630.0
655,2024-08-02 10:01:36.362806,Product_B,South,2.0,145.64,1146.0
656,2024-08-01 10:01:36.362806,Product_A,East,73.0,486.05,4453.0
657,2024-07-31 10:01:36.362806,Product_C,South,37.0,172.36,5507.0
658,2024-07-30 10:01:36.362806,Product_C,East,20.0,246.2,6783.0
659,2024-07-29 10:01:36.362806,Product_D,North,26.0,106.09,8751.0
660,2024-07-28 10:01:36.362806,Product_B,West,29.0,309.28,6628.0
661,2024-07-27 10:01:36.362806,Product_D,East,1.0,147.53,9328.0
662,2024-07-26 10:01:36.362806,Product_C,East,35.0,111.43,4360.0
663,2024-07-25 10:01:36.362806,Product_A,West,70.0,263.12,4005.0
664,2024-07-24 10:01:36.362806,Product_B,East,59.0,12.7,4552.0
665,2024-07-23 10:01:36.362806,Product_A,East,69.0,13.76,1018.0
666,2024-07-22 10:01:36.362806,Product_A,South,33.0,117.34,3242.0
667,2024-07-21 10:01:36.362806,Product_B,West,51.0,27.99,7318.0
668,2024-07-20 10:01:36.362806,Product_D,North,78.0,62.93,6097.0
669,2024-07-19 10:01:36.362806,Product_A,East,12.0,176.04,9640.0
670,2024-07-18 10:01:36.362806,Product_C,West,20.0,403.27,2948.0
671,2024-07-17 10:01:36.362806,Product_A,South,53.0,290.3,6618.0
672,2024-07-16 10:01:36.362806,Product_B,North,88.0,261.21,5236.0
673,2024-07-15 10:01:36.362806,Product_B,West,43.0,153.81,7901.0
674,2024-07-14 10:01:36.362806,Product_B,North,98.0,466.56,2920.0
675,2024-07-13 10:01:36.362806,Product_D,North,89.0,204.54,5188.0
676,2024-07-12 10:01:36.362806,Product_A,North,50.0,52.68,1238.0
677,2024-07-11 10:01:36.362806,Product_D,East,29.0,312.36,1204.0
678,2024-07-10 10:01:36.362806,Product_D,East,57.0,65.78,6552.0
679,2024-07-09 10:01:36.362806,Product_B,South,39.0,179.16,5927.0
680,2024-07-08 10:01:36.362806,Product_B,South,95.0,258.63,5390.0
681,2024-07-07 10:01:36.362806,Product_D,West,56.0,438.37,3687.0
682,2024-07-06 10:01:36.362806,Product_A,South,43.0,251.84,5951.0
683,2024-07-05 10:01:36.362806,Product_C,North,50.0,354.11,7160.0
684,2024-07-04 10:01:36.362806,Product_D,North,23.0,496.48,6388.0
685,2024-07-03 10:01:36.362806,Product_A,East,44.0,74.43,6126.0
686,2024-07-02 10:01:36.362806,Product_B,North,38.0,144.62,1816.0
687,2024-07-01 10:01:36.362806,Product_B,West,84.0,203.34,1192.0
688,2024-06-30 10:01:36.362806,Product_A,North,23.0,216.7,2776.0
689,2024-06-29 10:01:36.362806,Product_C,North,45.0,211.4,4645.0
690,2024-06-28 10:01:36.362806,Product_B,West,52.0,454.73,7314.0
691,2024-06-27 10:01:36.362806,Product_B,South,80.0,359.88,9442.0
692,2024-06-26 10:01:36.362806,Product_B,South,50.0,307.87,2788.0
693,2024-06-25 10:01:36.362806,Product_A,West,8.0,161.59,8374.0
694,2024-06-24 10:01:36.362806,Product_D,East,85.0,413.66,4700.0
695,2024-06-23 10:01:36.362806,Product_B,North,1.0,477.98,4893.0
696,2024-06-22 10:01:36.362806,Product_D,West,8.0,412.39,7811.0
697,2024-06-21 10:01:36.362806,Product_C,North,29.0,10.77,3679.0
698,2024-06-20 10:01:36.362806,Product_B,East,96.0,321.84,4904.0
699,2024-06-19 10:01:36.362806,Product_B,North,5.0,35.06,8260.0
700,2024-06-18 10:01:36.362806,Product_C,West,86.0,136.23,1504.0
701,2024-06-17 10:01:36.362806,Product_B,North,47.0,39.17,7773.0
702,2024-06-16 10:01:36.362806,Product_D,South,34.0,305.86,4816.0
703,2024-06-15 10:01:36.362806,Product_A,East,65.0,346.43,1717.0
704,2024-06-14 10:01:36.362806,Product_D,East,55.0,66.1,5434.0
705,2024-06-13 10:01:36.362806,Product_A,East,90.0,198.08,1658.0
706,2024-06-12 10:01:36.362806,Product_A,West,43.0,233.56,6057.0
707,2024-06-11 10:01:36.362806,Product_D,East,74.0,190.84,5008.0
708,2024-06-10 10:01:36.362806,Product_D,South,30.0,69.3,5994.0
709,2024-06-09 10:01:36.362806,Product_D,West,82.0,215.28,5234.0
710,2024-06-08 10:01:36.362806,Product_D,South,17.0,378.08,4764.0
711,2024-06-07 10:01:36.362806,Product_C,North,26.0,44.79,5637.0
712,2024-06-06 10:01:36.362806,Product_B,North,8.0,49.29,3104.0
713,2024-06-05 10:01:36.362806,Product_A,North,47.0,183.84,7801.0
714,2024-06-04 10:01:36.362806,Product_D,North,76.0,471.45,9575.0
715,2024-06-03 10:01:36.362806,Product_D,South,91.0,337.6,3607.0
716,2024-06-02 10:01:36.362806,Product_D,West,72.0,342.55,9385.0
717,2024-06-01 10:01:36.362806,Product_C,West,89.0,187.34,4719.0
718,2024-05-31 10:01:36.362806,Product_D,East,46.0,300.89,3581.0
719,2024-05-30 10:01:36.362806,Product_D,South,68.0,14.96,3565.0
720,2024-05-29 10:01:36.362806,Product_D,North,33.0,321.69,3763.0
721,2024-05-28 10:01:36.362806,Product_B,South,1.0,457.51,7328.0
722,2024-05-27 10:01:36.362806,Product_C,East,19.0,310.16,6991.0
723,2024-05-26 10:01:36.362806,Product_D,East,31.0,438.11,4406.0
724,2024-05-25 10:01:36.362806,Product_A,South,80.0,364.75,9923.0
725,2024-05-24 10:01:36.362806,Product_A,South,14.0,69.07,5780.0
726,2024-05-23 10:01:36.362806,Product_A,South,53.0,452.2,5177.0
727,2024-05-22 10:01:36.362806,Product_C,West,48.0,42.56,7476.0
728,2024-05-21 10:01:36.362806,Product_C,North,69.0,271.64,3604.0
729,2024-05-20 10:01:36.362806,Product_A,South,90.0,79.65,9181.0
730,2024-05-19 10:01:36.362806,Product_D,South,62.0,15.74,3382.0
731,2024-05-18 10:01:36.362806,Product_C,South,92.0,216.8,1531.0
732,2024-05-17 10:01:36.362806,Product_A,East,66.0,154.57,7079.0
733,2024-05-16 10:01:36.362806,Product_A,East,64.0,248.14,1634.0
734,2024-05-15 10:01:36.362806,Product_D,West,70.0,292.83,1002.0
735,2024-05-14 10:01:36.362806,Product_B,North,63.0,31.43,9397.0
736,2024-05-13 10:01:36.362806,Product_C,West,73.0,70.27,6951.0
737,2024-05-12 10:01:36.362806,Product_D,North,33.0,283.73,6626.0
738,2024-05-11 10:01:36.362806,Product_A,East,41.0,178.15,8739.0
739,2024-05-10 10:01:36.362806,Product_A,East,89.0,367.3,7003.0
740,2024-05-09 10:01:36.362806,Product_D,East,48.0,329.62,3890.0
741,2024-05-08 10:01:36.362806,Product_C,West,13.0,424.35,7239.0
742,2024-05-07 10:01:36.362806,Product_B,South,73.0,349.32,9026.0
743,2024-05-06 10:01:36.362806,Product_B,South,77.0,220.67,4306.0
744,2024-05-05 10:01:36.362806,Product_A,East,31.0,339.75,1897.0
745,2024-05-04 10:01:36.362806,Product_C,South,75.0,144.94,1670.0
746,2024-05-03 10:01:36.362806,Product_B,South,68.0,160.09,8291.0
747,2024-05-02 10:01:36.362806,Product_C,West,98.0,396.6,2505.0
748,2024-05-01 10:01:36.362806,Product_C,North,4.0,228.75,7460.0
749,2024-04-30 10:01:36.362806,Product_A,East,19.0,401.21,6167.0
750,2024-04-29 10:01:36.362806,Product_B,East,70.0,412.99,6255.0
751,2024-04-28 10:01:36.362806,Product_D,West,98.0,430.21,1249.0
752,2024-04-27 10:01:36.362806,Product_A,West,82.0,459.15,7457.0
753,2024-04-26 10:01:36.362806,Product_B,South,13.0,221.18,2892.0
754,2024-04-25 10:01:36.362806,Product_B,East,23.0,166.24,4439.0
755,2024-04-24 10:01:36.362806,Product_B,North,83.0,295.28,3854.0
756,2024-04-23 10:01:36.362806,Product_B,West,75.0,191.87,4792.0
757,2024-04-22 10:01:36.362806,Product_B,North,1.0,304.53,6330.0
758,2024-04-21 10:01:36.362806,Product_C,North,88.0,355.74,8871.0
759,2024-04-20 10:01:36.362806,Product_A,East,54.0,347.32,9235.0
760,2024-04-19 10:01:36.362806,Product_C,East,71.0,193.53,4612.0
761,2024-04-18 10:01:36.362806,Product_D,West,89.0,91.76,3618.0
762,2024-04-17 10:01:36.362806,Product_B,East,85.0,220.96,5678.0
763,2024-04-16 10:01:36.362806,Product_A,East,15.0,79.87,4163.0
764,2024-04-15 10:01:36.362806,Product_B,East,65.0,446.15,3942.0
765,2024-04-14 10:01:36.362806,Product_A,North,76.0,179.48,9411.0
766,2024-04-13 10:01:36.362806,Product_C,West,71.0,85.69,2925.0
767,2024-04-12 10:01:36.362806,Product_A,South,15.0,22.47,3972.0
768,2024-04-11 10:01:36.362806,Product_D,North,21.0,326.45,1990.0
769,2024-04-10 10:01:36.362806,Product_D,East,19.0,322.08,2812.0
770,2024-04-09 10:01:36.362806,Product_A,North,60.0,176.9,9995.0
771,2024-04-08 10:01:36.362806,Product_A,East,93.0,45.14,1489.0
772,2024-04-07 10:01:36.362806,Product_A,East,89.0,210.72,6876.0
773,2024-04-06 10:01:36.362806,Product_A,North,33.0,162.5,4645.0
774,2024-04-05 10:01:36.362806,Product_D,West,49.0,341.79,8081.0
775,2024-04-04 10:01:36.362806,Product_B,East,96.0,306.83,3891.0
776,2024-04-03 10:01:36.362806,Product_A,West,35.0,188.65,4516.0
777,2024-04-02 10:01:36.362806,Product_A,South,44.0,116.77,4340.0
778,2024-04-01 10:01:36.362806,Product_D,East,90.0,494.14,7410.0
779,2024-03-31 10:01:36.362806,Product_D,West,11.0,232.46,1053.0
780,2024-03-30 10:01:36.362806,Product_C,West,99.0,347.25,3575.0
781,2024-03-29 10:01:36.362806,Product_A,South,72.0,78.87,1615.0
782,2024-03-28 10:01:36.362806,Product_C,West,78.0,247.94,6944.0
783,2024-03-27 10:01:36.362806,Product_D,West,74.0,23.49,8404.0
784,2024-03-26 10:01:36.362806,Product_D,South,66.0,257.67,1954.0
785,2024-03-25 10:01:36.362806,Product_B,East,46.0,482.37,2629.0
786,2024-03-24 10:01:36.362806,Product_A,West,9.0,198.26,7859.0
787,2024-03-23 10:01:36.362806,Product_C,West,3.0,29.11,9841.0
788,2024-03-22 10:01:36.362806,Product_D,West,85.0,25.17,4278.0
789,2024-03-21 10:01:36.362806,Product_D,North,26.0,200.11,6455.0
790,2024-03-20 10:01:36.362806,Product_C,South,72.0,88.41,4801.0
791,2024-03-19 10:01:36.362806,Product_B,North,48.0,21.44,3561.0
792,2024-03-18 10:01:36.362806,Product_D,South,66.0,380.54,7539.0
793,2024-03-17 10:01:36.362806,Product_A,East,70.0,234.68,1370.0
794,2024-03-16 10:01:36.362806,Product_D,East,28.0,151.73,1857.0
795,2024-03-15 10:01:36.362806,Product_A,West,93.0,451.04,5886.0
796,2024-03-14 10:01:36.362806,Product_C,South,26.0,66.91,8485.0
797,2024-03-13 10:01:36.362806,Product_A,East,25.0,478.4,1383.0
798,2024-03-12 10:01:36.362806,Product_C,South,12.0,163.84,5334.0
799,2024-03-11 10:01:36.362806,Product_A,East,5.0,445.32,5290.0
800,2024-03-10 10:01:36.362806,Product_C,North,98.0,305.44,3725.0
801,2024-03-09 10:01:36.362806,Product_A,East,48.0,415.09,7204.0
802,2024-03-08 10:01:36.362806,Product_B,North,37.0,492.17,7111.0
803,2024-03-07 10:01:36.362806,Product_A,East,79.0,151.32,5251.0
804,2024-03-06 10:01:36.362806,Product_A,West,44.0,480.96,1922.0
805,2024-03-05 10:01:36.362806,Product_B,North,15.0,200.85,3915.0
806,2024-03-04 10:01:36.362806,Product_D,East,43.0,198.9,8957.0
807,2024-03-03 10:01:36.362806,Product_D,West,48.0,176.79,4046.0
808,2024-03-02 10:01:36.362806,Product_A,North,87.0,275.29,2230.0
809,2024-03-01 10:01:36.362806,Product_B,West,70.0,85.53,8647.0
810,2024-02-29 10:01:36.362806,Product_A,South,46.0,281.32,5933.0
811,2024-02-28 10:01:36.362806,Product_C,South,43.0,275.44,4940.0
812,2024-02-27 10:01:36.362806,Product_C,North,21.0,383.33,7483.0
813,2024-02-26 10:01:36.362806,Product_A,East,23.0,418.49,1203.0
814,2024-02-25 10:01:36.362806,Product_D,North,80.0,225.82,1160.0
815,2024-02-24 10:01:36.362806,Product_D,West,47.0,158.14,9960.0
816,2024-02-23 10:01:36.362806,Product_A,East,15.0,137.07,4748.0
817,2024-02-22 10:01:36.362806,Product_A,South,25.0,105.37,7718.0
818,2024-02-21 10:01:36.362806,Product_C,East,36.0,38.25,3581.0
819,2024-02-20 10:01:36.362806,Product_D,South,75.0,177.8,2093.0
820,2024-02-19 10:01:36.362806,Product_A,East,51.0,142.42,5500.0
821,2024-02-18 10:01:36.362806,Product_C,East,15.0,483.54,9799.0
822,2024-02-17 10:01:36.362806,Product_D,East,68.0,283.28,6710.0
823,2024-02-16 10:01:36.362806,Product_B,West,21.0,180.17,3875.0
824,2024-02-15 10:01:36.362806,Product_C,West,13.0,294.43,4191.0
825,2024-02-14 10:01:36.362806,Product_D,North,86.0,78.21,2837.0
826,2024-02-13 10:01:36.362806,Product_D,North,19.0,227.58,1689.0
827,2024-02-12 10:01:36.362806,Product_C,South,34.0,316.85,4759.0
828,2024-02-11 10:01:36.362806,Product_B,West,78.0,249.56,3103.0
829,2024-02-10 10:01:36.362806,Product_C,South,68.0,206.87,1365.0
830,2024-02-09 10:01:36.362806,Product_D,North,52.0,496.99,9092.0
831,2024-02-08 10:01:36.362806,Product_A,South,27.0,441.35,5172.0
832,2024-02-07 10:01:36.362806,Product_A,North,29.0,315.47,7033.0
833,2024-02-06 10:01:36.362806,Product_C,West,28.0,288.99,3378.0
834,2024-02-05 10:01:36.362806,Product_D,East,35.0,314.12,2205.0
835,2024-02-04 10:01:36.362806,Product_A,West,8.0,108.64,5988.0
836,2024-02-03 10:01:36.362806,Product_D,South,16.0,203.62,6669.0
837,2024-02-02 10:01:36.362806,Product_C,South,36.0,29.34,3735.0
838,2024-02-01 10:01:36.362806,Product_A,West,30.0,243.02,9490.0
839,2024-01-31 10:01:36.362806,Product_D,West,18.0,276.08,1956.0
840,2024-01-30 10:01:36.362806,Product_A,North,2.0,121.6,7623.0
841,2024-01-29 10:01:36.362806,Product_C,South,49.0,482.37,2474.0
842,2024-01-28 10:01:36.362806,Product_D,South,77.0,455.63,5460.0
843,2024-01-27 10:01:36.362806,Product_A,West,4.0,363.85,8002.0
844,2024-01-26 10:01:36.362806,Product_C,East,90.0,271.36,7396.0
845,2024-01-25 10:01:36.362806,Product_A,South,89.0,436.28,3828.0
846,2024-01-24 10:01:36.362806,Product_A,East,94.0,74.02,3850.0
847,2024-01-23 10:01:36.362806,Product_B,West,75.0,397.35,3964.0
848,2024-01-22 10:01:36.362806,Product_B,West,7.0,71.16,5594.0
849,2024-01-21 10:01:36.362806,Product_C,North,95.0,399.16,7644.0
850,2024-01-20 10:01:36.362806,Product_B,South,74.0,145.13,3850.0
851,2024-01-19 10:01:36.362806,Product_C,East,39.0,439.77,1165.0
852,2024-01-18 10:01:36.362806,Product_B,North,13.0,472.58,1919.0
853,2024-01-17 10:01:36.362806,Product_A,South,31.0,82.91,9305.0
854,2024-01-16 10:01:36.362806,Product_C,North,71.0,236.71,4504.0
855,2024-01-15 10:01:36.362806,Product_C,West,63.0,490.68,1991.0
856,2024-01-14 10:01:36.362806,Product_A,South,56.0,246.87,7047.0
857,2024-01-13 10:01:36.362806,Product_C,North,42.0,433.14,4839.0
858,2024-01-12 10:01:36.362806,Product_C,North,61.0,298.48,2258.0
859,2024-01-11 10:01:36.362806,Product_B,East,42.0,193.91,8609.0
860,2024-01-10 10:01:36.362806,Product_C,North,56.0,150.03,9706.0
861,2024-01-09 10:01:36.362806,Product_D,South,36.0,109.58,5804.0
862,2024-01-08 10:01:36.362806,Product_A,South,84.0,383.28,1067.0
863,2024-01-07 10:01:36.362806,Product_B,East,68.0,199.4,6660.0
864,2024-01-06 10:01:36.362806,Product_B,South,7.0,260.52,5478.0
865,2024-01-05 10:01:36.362806,Product_D,West,54.0,251.24,9210.0
866,2024-01-04 10:01:36.362806,Product_A,South,1.0,292.87,4521.0
867,2024-01-03 10:01:36.362806,Product_A,South,44.0,434.13,1572.0
868,2024-01-02 10:01:36.362806,Product_B,North,45.0,490.56,8082.0
869,2024-01-01 10:01:36.362806,Product_C,North,47.0,209.72,8832.0
870,2023-12-31 10:01:36.362806,Product_B,South,13.0,415.48,6395.0
871,2023-12-30 10:01:36.362806,Product_A,East,22.0,384.62,3258.0
872,2023-12-29 10:01:36.362806,Product_D,North,21.0,291.03,7039.0
873,2023-12-28 10:01:36.362806,Product_B,East,86.0,478.46,1650.0
874,2023-12-27 10:01:36.362806,Product_A,South,92.0,108.23,6741.0
875,2023-12-26 10:01:36.362806,Product_B,South,9.0,63.54,7838.0
876,2023-12-25 10:01:36.362806,Product_C,West,26.0,428.44,3587.0
877,2023-12-24 10:01:36.362806,Product_B,North,9.0,225.18,8876.0
878,2023-12-23 10:01:36.362806,Product_B,South,15.0,425.01,4262.0
879,2023-12-22 10:01:36.362806,Product_A,West,10.0,447.61,2338.0
880,2023-12-21 10:01:36.362806,Product_A,North,88.0,40.6,5996.0
881,2023-12-20 10:01:36.362806,Product_A,South,42.0,442.9,6780.0
882,2023-12-19 10:01:36.362806,Product_B,South,72.0,229.68,3827.0
883,2023-12-18 10:01:36.362806,Product_C,North,24.0,260.11,6232.0
884,2023-12-17 10:01:36.362806,Product_D,North,80.0,317.03,3217.0
885,2023-12-16 10:01:36.362806,Product_D,North,49.0,463.93,4539.0
886,2023-12-15 10:01:36.362806,Product_A,South,26.0,19.37,8845.0
887,2023-12-14 10:01:36.362806,Product_A,South,91.0,243.65,5383.0
888,2023-12-13 10:01:36.362806,Product_B,West,37.0,346.98,3961.0
889,2023-12-12 10:01:36.362806,Product_D,East,68.0,364.13,4226.0
890,2023-12-11 10:01:36.362806,Product_A,North,50.0,349.34,7837.0
891,2023-12-10 10:01:36.362806,Product_C,South,24.0,75.87,8031.0
892,2023-12-09 10:01:36.363801,Product_C,South,19.0,156.7,4716.0
893,2023-12-08 10:01:36.363801,Product_A,North,60.0,185.77,4414.0
894,2023-12-07 10:01:36.363801,Product_A,East,39.0,404.17,2448.0
895,2023-12-06 10:01:36.363801,Product_D,North,74.0,146.59,1570.0
896,2023-12-05 10:01:36.363801,Product_D,East,89.0,113.25,3904.0
897,2023-12-04 10:01:36.363801,Product_B,South,18.0,479.15,3505.0
898,2023-12-03 10:01:36.363801,Product_D,East,19.0,14.34,1917.0
899,2023-12-02 10:01:36.363801,Product_C,West,36.0,498.93,7982.0
900,2023-12-01 10:01:36.363801,Product_C,South,74.0,341.64,8427.0
901,2023-11-30 10:01:36.363801,Product_A,West,97.0,415.95,7336.0
902,2023-11-29 10:01:36.363801,Product_D,North,55.0,154.36,2678.0
903,2023-11-28 10:01:36.363801,Product_B,North,69.0,17.01,1615.0
904,2023-11-27 10:01:36.363801,Product_C,North,47.0,371.56,8086.0
905,2023-11-26 10:01:36.363801,Product_C,East,49.0,418.73,5749.0
906,2023-11-25 10:01:36.363801,Product_B,South,99.0,372.83,4505.0
907,2023-11-24 10:01:36.363801,Product_B,North,98.0,80.0,5529.0
908,2023-11-23 10:01:36.363801,Product_C,North,33.0,379.18,2135.0
909,2023-11-22 10:01:36.363801,Product_C,South,21.0,386.77,9566.0
910,2023-11-21 10:01:36.363801,Product_B,North,81.0,332.68,8226.0
911,2023-11-20 10:01:36.363801,Product_C,West,22.0,385.4,6162.0
912,2023-11-19 10:01:36.363801,Product_A,South,48.0,424.5,1206.0
913,2023-11-18 10:01:36.363801,Product_A,South,37.0,310.67,5875.0
914,2023-11-17 10:01:36.363801,Product_B,South,15.0,53.42,2319.0
915,2023-11-16 10:01:36.363801,Product_D,West,35.0,248.94,2141.0
916,2023-11-15 10:01:36.363801,Product_B,South,92.0,48.05,5627.0
917,2023-11-14 10:01:36.363801,Product_B,West,71.0,209.7,8389.0
918,2023-11-13 10:01:36.363801,Product_D,South,32.0,209.48,3690.0
919,2023-11-12 10:01:36.363801,Product_D,East,11.0,42.34,8323.0
920,2023-11-11 10:01:36.363801,Product_D,North,10.0,180.92,4255.0
921,2023-11-10 10:01:36.363801,Product_A,East,73.0,64.39,9281.0
922,2023-11-09 10:01:36.363801,Product_C,North,78.0,406.04,6213.0
923,2023-11-08 10:01:36.363801,Product_A,West,77.0,474.37,5108.0
924,2023-11-07 10:01:36.363801,Product_C,East,57.0,45.44,4020.0
925,2023-11-06 10:01:36.363801,Product_A,South,25.0,478.01,2857.0
926,2023-11-05 10:01:36.363801,Product_C,North,2.0,266.06,9996.0
927,2023-11-04 10:01:36.363801,Product_A,North,64.0,156.79,3789.0
928,2023-11-03 10:01:36.363801,Product_D,East,35.0,47.66,4875.0
929,2023-11-02 10:01:36.363801,Product_B,West,7.0,255.31,8605.0
930,2023-11-01 10:01:36.363801,Product_A,East,85.0,399.31,9135.0
931,2023-10-31 10:01:36.363801,Product_C,West,18.0,356.47,7055.0
932,2023-10-30 10:01:36.363801,Product_D,West,67.0,34.61,4882.0
933,2023-10-29 10:01:36.363801,Product_A,North,42.0,45.72,8175.0
934,2023-10-28 10:01:36.363801,Product_A,East,39.0,207.41,8129.0
935,2023-10-27 10:01:36.363801,Product_D,East,41.0,154.69,6021.0
936,2023-10-26 10:01:36.363801,Product_A,West,75.0,123.87,5735.0
937,2023-10-25 10:01:36.363801,Product_B,East,24.0,147.69,3387.0
938,2023-10-24 10:01:36.363801,Product_A,South,60.0,403.71,7582.0
939,2023-10-23 10:01:36.363801,Product_B,South,46.0,465.32,6866.0
940,2023-10-22 10:01:36.363801,Product_B,East,19.0,208.5,3566.0
941,2023-10-21 10:01:36.363801,Product_D,East,68.0,453.99,1975.0
942,2023-10-20 10:01:36.363801,Product_A,West,90.0,167.53,8212.0
943,2023-10-19 10:01:36.363801,Product_D,South,42.0,243.45,2262.0
944,2023-10-18 10:01:36.363801,Product_A,South,32.0,120.75,6047.0
945,2023-10-17 10:01:36.363801,Product_A,North,39.0,323.83,8382.0
946,2023-10-16 10:01:36.363801,Product_C,West,36.0,489.7,7231.0
947,2023-10-15 10:01:36.363801,Product_A,North,97.0,305.71,4327.0
948,2023-10-14 10:01:36.363801,Product_D,South,36.0,185.33,6630.0
949,2023-10-13 10:01:36.363801,Product_B,West,3.0,327.43,3259.0
950,2023-10-12 10:01:36.363801,Product_A,East,73.0,70.23,2257.0
951,2023-10-11 10:01:36.363801,Product_C,West,8.0,445.44,1464.0
952,2023-10-10 10:01:36.363801,Product_D,East,97.0,256.51,4294.0
953,2023-10-09 10:01:36.363801,Product_A,East,70.0,230.18,7774.0
954,2023-10-08 10:01:36.363801,Product_D,West,41.0,297.07,8431.0
955,2023-10-07 10:01:36.363801,Product_C,East,68.0,316.14,2230.0
956,2023-10-06 10:01:36.363801,Product_C,North,13.0,45.17,4805.0
957,2023-10-05 10:01:36.363801,Product_D,South,49.0,344.48,7419.0
958,2023-10-04 10:01:36.363801,Product_A,East,60.0,128.55,6750.0
959,2023-10-03 10:01:36.363801,Product_B,North,2.0,359.84,4856.0
960,2023-10-02 10:01:36.363801,Product_C,East,60.0,413.04,4135.0
961,2023-10-01 10:01:36.363801,Product_A,South,5.0,403.94,7953.0
962,2023-09-30 10:01:36.363801,Product_A,North,44.0,280.73,7034.0
963,2023-09-29 10:01:36.363801,Product_B,South,27.0,264.88,5589.0
964,2023-09-28 10:01:36.363801,Product_C,South,32.0,80.01,2546.0
965,2023-09-27 10:01:36.363801,Product_C,North,21.0,389.92,7065.0
966,2023-09-26 10:01:36.363801,Product_A,North,8.0,142.99,2094.0
967,2023-09-25 10:01:36.363801,Product_A,North,72.0,253.38,3411.0
968,2023-09-24 10:01:36.363801,Product_B,West,50.0,149.29,3617.0
969,2023-09-23 10:01:36.363801,Product_B,North,67.0,75.58,9954.0
970,2023-09-22 10:01:36.363801,Product_C,North,44.0,318.48,5145.0
971,2023-09-21 10:01:36.363801,Product_D,North,58.0,36.62,3775.0
972,2023-09-20 10:01:36.363801,Product_C,North,3.0,376.84,7628.0
973,2023-09-19 10:01:36.363801,Product_A,East,86.0,165.62,4155.0
974,2023-09-18 10:01:36.363801,Product_C,West,70.0,10.07,4970.0
975,2023-09-17 10:01:36.363801,Product_D,South,2.0,260.45,8972.0
976,2023-09-16 10:01:36.363801,Product_B,North,87.0,32.96,9775.0
977,2023-09-15 10:01:36.363801,Product_D,East,44.0,145.32,6415.0
978,2023-09-14 10:01:36.363801,Product_D,East,2.0,356.42,5331.0
979,2023-09-13 10:01:36.363801,Product_D,East,81.0,40.72,2942.0
980,2023-09-12 10:01:36.363801,Product_B,South,35.0,421.28,7026.0
981,2023-09-11 10:01:36.363801,Product_D,North,98.0,11.87,9301.0
982,2023-09-10 10:01:36.363801,Product_D,West,87.0,130.94,1191.0
983,2023-09-09 10:01:36.363801,Product_D,West,30.0,373.04,1861.0
984,2023-09-08 10:01:36.363801,Product_A,East,8.0,164.97,7711.0
985,2023-09-07 10:01:36.363801,Product_D,South,22.0,59.93,1649.0
986,2023-09-06 10:01:36.363801,Product_B,South,44.0,186.51,5134.0
987,2023-09-05 10:01:36.363801,Product_D,South,58.0,142.49,8587.0
988,2023-09-04 10:01:36.363801,Product_D,West,36.0,422.93,9828.0
989,2023-09-03 10:01:36.363801,Product_B,East,69.0,163.54,2036.0
990,2023-09-02 10:01:36.363801,Product_D,North,77.0,396.58,5131.0
991,2023-09-01 10:01:36.363801,Product_B,West,93.0,447.02,3148.0
992,2023-08-31 10:01:36.363801,Product_D,East,31.0,222.57,6457.0
993,2023-08-30 10:01:36.363801,Product_B,East,47.0,455.87,7079.0
994,2023-08-29 10:01:36.363801,Product_D,North,55.0,194.89,3430.0
995,2023-08-28 10:01:36.363801,Product_D,North,80.0,482.4,2879.0
996,2023-08-27 10:01:36.363801,Product_A,North,62.0,53.75,8542.0
997,2023-08-26 10:01:36.363801,Product_A,South,30.0,346.64,3011.0
998,2023-08-25 10:01:36.363801,Product_D,North,55.0,251.97,4373.0
999,2023-08-24 10:01:36.363801,Product_D,East,16.0,199.95,8357.0
1000,2023-08-23 10:01:36.363801,Product_C,North,12.0,320.03,2289.0
151,2025-12-19 10:01:36.362806,Product_C,North,90.0,451.86,6241.0
152,2025-12-18 10:01:36.362806,Product_C,North,41.0,236.12,7420.0
153,2025-12-17 10:01:36.362806,Product_A,West,3.0,322.23,8557.0
154,2025-12-16 10:01:36.362806,Product_C,South,6.0,333.08,3645.0
155,2025-12-15 10:01:36.362806,Product_A,West,5.0,448.61,7589.0
